Codigo,Nome,Telefone
14,Contato1,(11) 917897379
22,Contato2,(11) 920105625
40,Contato3,(11) 976311972
45,Contato4,(11) 920353455
28,Contato5,(11) 965182147
47,Contato6,(11) 972606446
26,Contato7,(11) 970791651
15,Contato8,(11) 987944934
4,Contato9,(11) 985458628
34,Contato10,(11) 961899610
39,Contato11,(11) 914132876
44,Contato12,(11) 950216113
21,Contato13,(11) 946604627
11,Contato14,(11) 982514300
1,Contato15,(11) 992340151
19,Contato16,(11) 914929847
49,Contato17,(11) 976040857
38,Contato18,(11) 968441008
30,Contato19,(11) 990412229
32,Contato20,(11) 913833582
12,Contato21,(11) 999068865
41,Contato22,(11) 957184293
2,Contato23,(11) 944647843
9,Contato24,(11) 988362844
31,Contato25,(11) 914635837
20,Contato26,(11) 915775042
46,Contato27,(11) 924462998
27,Contato28,(11) 973098699
10,Contato29,(11) 979185122
23,Contato30,(11) 911095949
13,Contato31,(11) 930932673
5,Contato32,(11) 952527844
42,Contato33,(11) 974543156
35,Contato34,(11) 967234594
16,Contato35,(11) 927519801
25,Contato36,(11) 924414509
29,Contato37,(11) 913097520
7,Contato38,(11) 944856857
37,Contato39,(11) 980395360
43,Contato40,(11) 929566490
33,Contato41,(11) 974042220
24,Contato42,(11) 916075021
17,Contato43,(11) 958817392
48,Contato44,(11) 994462835
50,Contato45,(11) 996197504
18,Contato46,(11) 948661060
36,Contato47,(11) 975423385
6,Contato48,(11) 910034695
8,Contato49,(11) 974098898
3,Contato50,(11) 944234277
